<?xml version="1.0" encoding="UTF-8"?>
<project-private xmlns="http://www.netbeans.org/ns/project-private/1">
    <editor-bookmarks xmlns="http://www.netbeans.org/ns/editor-bookmarks/2" lastBookmarkId="0"/>
    <open-files xmlns="http://www.netbeans.org/ns/projectui-open-files/2">
        <group>
            <file>file:/C:/Users/marti/OneDrive/Documentos/NetBeansProjects/ProjetoSalgado/src/java/br/com/finantrack/controller/LogoutServlet.java</file>
            <file>file:/C:/Users/marti/OneDrive/Documentos/NetBeansProjects/ProjetoSalgado/web/tela_login.jsp</file>
            <file>file:/C:/Users/marti/OneDrive/Documentos/NetBeansProjects/ProjetoSalgado/web/WEB-INF/web.xml</file>
            <file>file:/C:/Users/marti/OneDrive/Documentos/NetBeansProjects/ProjetoSalgado/src/java/br/com/finantrack/util/database.java</file>
            <file>file:/C:/Users/marti/OneDrive/Documentos/NetBeansProjects/ProjetoSalgado/web/index.jsp</file>
            <file>file:/C:/Users/marti/OneDrive/Documentos/NetBeansProjects/ProjetoSalgado/src/java/br/com/finantrack/controller/LoginServlet.java</file>
            <file>file:/C:/Users/marti/OneDrive/Documentos/NetBeansProjects/ProjetoSalgado/web/tela_loginfeito.jsp</file>
            <file>file:/C:/Users/marti/OneDrive/Documentos/NetBeansProjects/ProjetoSalgado/web/teste.jsp</file>
        </group>
    </open-files>
</project-private>
